City_ID,City,Country,Lat,Lng,Max Temp,Humidity,Cloudiness,Wind Speed,Current Description
0,Rikitea,PF,-23.1203,-134.9692,77.97,72,97,11.07,light rain
1,Ciudad Guayana,VE,8.3533,-62.6528,83.52,67,41,7.0,scattered clouds
2,Punta Arenas,CL,-53.15,-70.9167,51.91,43,0,10.36,clear sky
3,Qaanaaq,GL,77.484,-69.3632,-7.37,61,96,8.88,overcast clouds
4,Kapaa,US,22.0752,-159.319,66.18,88,0,6.91,clear sky
5,Cape Town,ZA,-33.9258,18.4232,73.81,49,0,8.01,clear sky
6,Serenje,ZM,-13.2325,30.2352,61.12,98,100,7.63,overcast clouds
7,Busselton,AU,-33.65,115.3333,74.08,73,0,6.46,clear sky
8,Provideniya,RU,64.3833,-173.3,-0.42,65,7,15.08,clear sky
9,Bambous Virieux,MU,-20.3428,57.7575,80.22,94,75,17.27,light rain
10,Praya,CV,14.9215,-23.5087,84.74,32,0,18.41,clear sky
11,New Norfolk,AU,-42.7826,147.0587,58.91,72,81,1.77,broken clouds
12,Naze,JP,28.3667,129.4833,52.56,58,97,16.69,overcast clouds
13,Shahapur,IN,19.45,73.3333,74.68,56,2,2.91,clear sky
14,Butaritari,KI,3.0707,172.7902,82.02,75,11,17.0,light rain
15,Tuktoyaktuk,CA,69.4541,-133.0374,-25.6,68,20,8.05,few clouds
16,Paamiut,GL,61.994,-49.6678,7.79,70,100,14.25,overcast clouds
17,Tromso,NO,69.6496,18.957,21.22,73,75,28.77,broken clouds
18,Palmer,US,42.1584,-72.3287,36.21,100,100,5.75,mist
19,Saskylakh,RU,71.9167,114.0833,-8.19,99,100,4.21,light snow
20,Pevek,RU,69.7008,170.3133,-24.12,100,94,3.91,overcast clouds
21,Calderitas,MX,18.55,-88.25,82.51,83,40,0.0,scattered clouds
22,Souillac,MU,-20.5167,57.5167,80.37,94,75,17.27,light rain
23,Rawson,AR,-43.3002,-65.1023,62.89,82,75,13.8,moderate rain
24,Fougamou,GA,-1.2154,10.5838,82.02,76,76,0.65,light rain
25,Rio Verde De Mato Grosso,BR,-18.9181,-54.8442,86.23,61,64,10.09,broken clouds
26,Ukiah,US,39.1502,-123.2078,50.38,78,0,0.0,clear sky
27,Nautla,MX,20.2167,-96.7833,55.92,92,100,17.16,overcast clouds
28,Hermanus,ZA,-34.4187,19.2345,78.91,53,7,23.02,clear sky
29,Nikolskoye,RU,59.7035,30.7861,19.29,96,82,6.89,broken clouds
30,Sao Mateus Do Sul,BR,-25.8742,-50.3828,68.25,98,100,5.86,light rain
31,Mehamn,NO,71.0357,27.8492,15.98,79,100,26.66,overcast clouds
32,Asau,RO,46.4333,26.4,41.4,81,90,5.44,overcast clouds
33,Hofn,IS,64.2539,-15.2082,32.02,55,20,23.02,few clouds
34,Aguimes,ES,27.9054,-15.4461,69.66,60,0,11.5,clear sky
35,Upernavik,GL,72.7868,-56.1549,4.84,96,100,4.16,overcast clouds
36,Salalah,OM,17.0151,54.0924,77.09,61,0,5.75,clear sky
37,Ancud,CL,-41.8697,-73.8203,63.43,74,86,5.41,overcast clouds
38,Marrakesh,MA,31.6315,-8.0083,78.87,21,0,4.61,clear sky
39,Yellowknife,CA,62.456,-114.3525,-33.72,73,20,2.3,few clouds
40,Almaty,KZ,43.25,76.95,24.71,93,100,4.47,mist
41,Tiksi,RU,71.6872,128.8694,-19.68,99,98,6.67,overcast clouds
42,Dubbo,AU,-32.25,148.6167,55.53,82,0,8.05,clear sky
43,Nakamura,JP,32.9833,132.9333,36.14,76,21,7.7,few clouds
44,Constitucion,CL,-35.3333,-72.4167,68.67,69,11,9.13,few clouds
45,Atuona,PF,-9.8,-139.0333,78.37,75,11,16.46,few clouds
46,Lalpur,IN,22.2,69.9667,67.64,48,0,8.7,clear sky
47,Itanhaem,BR,-24.1831,-46.7889,91.26,76,100,2.19,overcast clouds
48,Kaseda,JP,31.4167,130.3167,39.85,69,82,21.12,broken clouds
49,Wittenberge,DE,53.0,11.75,48.04,82,100,4.0,overcast clouds
50,Puerto Ayora,EC,-0.7393,-90.3518,78.76,92,33,4.0,scattered clouds
51,Maniitsoq,GL,65.4167,-52.9,5.97,81,100,14.16,light snow
52,Torbay,CA,47.6666,-52.7314,34.75,95,100,16.11,mist
53,Hobart,AU,-42.8794,147.3294,59.25,85,100,5.75,overcast clouds
54,Luderitz,NA,-26.6481,15.1594,76.26,59,3,15.64,clear sky
55,Raudeberg,NO,61.9875,5.1352,35.38,92,100,11.99,snow
56,Rajbiraj,NP,26.5333,86.75,56.25,88,100,10.85,overcast clouds
57,Mar Del Plata,AR,-38.0023,-57.5575,75.22,93,75,10.0,broken clouds
58,Normandin,CA,48.8333,-72.5321,-10.89,58,5,9.22,clear sky
59,Bethel,US,41.3712,-73.414,38.5,92,100,1.99,moderate rain
60,Jiangyou,CN,31.7667,104.7167,45.46,74,100,0.83,overcast clouds
61,Karratha,AU,-20.7377,116.8463,86.0,66,90,6.71,overcast clouds
62,Vaini,TO,-21.2,-175.2,79.84,84,100,20.33,light rain
63,Wanaka,NZ,-44.7,169.15,50.11,93,100,5.91,overcast clouds
64,Livny,RU,52.4253,37.6069,12.15,95,20,7.72,few clouds
65,Caucaia,BR,-3.7361,-38.6531,87.08,83,75,12.66,broken clouds
66,Mayo,US,38.8876,-76.5119,52.95,95,100,10.36,light rain
67,Bluff,NZ,-46.6,168.3333,49.8,66,66,10.8,broken clouds
68,Aberdeen,GB,57.1437,-2.0981,37.49,88,20,11.5,light rain
69,Tianpeng,CN,30.9866,103.9393,43.27,84,98,2.04,overcast clouds
70,Mataura,NZ,-46.1927,168.8643,49.48,99,100,1.83,overcast clouds
71,Arraial Do Cabo,BR,-22.9661,-42.0278,85.96,78,40,17.27,scattered clouds
72,Sakakah,SA,29.9697,40.2064,58.57,38,35,6.96,scattered clouds
73,Esperance,AU,-33.8667,121.9,66.04,74,0,16.2,clear sky
74,Bengkulu,ID,-3.8004,102.2655,73.89,97,100,7.27,overcast clouds
75,Ribeira Grande,PT,38.5167,-28.7,63.0,77,40,18.41,scattered clouds
76,Hengshan,CN,45.2,130.9167,-8.37,92,44,5.08,scattered clouds
77,Pangnirtung,CA,66.1451,-65.7125,-14.8,70,75,13.8,broken clouds
78,Chokurdakh,RU,70.6333,147.9167,-30.46,100,55,1.3,broken clouds
79,North Platte,US,41.1239,-100.7654,24.33,60,0,1.99,clear sky
80,Kyren,RU,51.6828,102.1408,1.71,87,40,1.7,scattered clouds
81,Sidvokodvo,SZ,-26.6282,31.4202,78.46,88,94,10.07,light rain
82,Ushuaia,AR,-54.8,-68.3,49.66,50,0,17.27,clear sky
83,Aleksandrovskoye,RU,44.7142,43.0008,35.74,97,100,12.71,light rain
84,Victoria,HK,22.2855,114.1577,57.33,72,7,1.01,clear sky
85,Kollo,NE,13.3043,2.339,86.43,8,5,11.9,clear sky
86,Portland,US,45.5234,-122.6762,39.63,95,75,3.0,mist
87,Port Alfred,ZA,-33.5906,26.891,68.63,78,100,9.66,light rain
88,Copiapo,CL,-27.3667,-70.3333,67.69,30,0,7.25,clear sky
89,Lukaya,UG,-0.1489,31.8748,74.46,64,100,6.58,overcast clouds
90,Vuktyl,RU,63.8567,57.3094,4.91,99,95,2.53,overcast clouds
91,Albany,US,42.6001,-73.9662,28.27,86,100,1.01,light snow
92,Roald,NO,62.5833,6.1333,37.54,87,75,17.27,broken clouds
93,San Cristobal,VE,7.7669,-72.225,69.98,49,47,2.08,scattered clouds
94,Thompson,CA,55.7435,-97.8558,-30.84,75,0,9.22,clear sky
95,Cam Ranh,VN,11.9214,109.1591,75.16,73,40,14.97,scattered clouds
96,Jamestown,US,42.097,-79.2353,20.52,65,100,5.01,snow
97,Saint-Augustin,CA,51.226,-58.6502,-2.76,72,100,9.08,overcast clouds
98,Gat,IL,31.61,34.7642,54.28,100,72,7.05,broken clouds
99,Castro,BR,-24.7911,-50.0119,66.83,96,100,8.55,heavy intensity rain
100,Aviles,ES,43.5547,-5.9248,55.76,78,75,11.01,broken clouds
101,Nanortalik,GL,60.1432,-45.2371,11.43,83,100,41.0,light snow
102,Neon Petritsion,GR,41.2833,23.3,44.13,58,5,1.25,clear sky
103,Saldanha,ZA,-33.0117,17.9442,77.05,65,0,25.03,clear sky
104,Mount Gambier,AU,-37.8333,140.7667,55.31,94,9,9.22,clear sky
105,Avera,US,33.194,-82.5271,64.71,92,100,7.09,overcast clouds
106,Touros,BR,-5.1989,-35.4608,88.7,54,77,16.71,broken clouds
107,Khatanga,RU,71.9667,102.5,-34.58,100,99,3.58,overcast clouds
108,Corrales,US,35.2378,-106.6067,25.25,71,0,8.01,clear sky
109,Tuatapere,NZ,-46.1333,167.6833,49.82,85,100,4.83,overcast clouds
110,Puerto Parra,CO,6.6515,-74.0573,86.16,59,66,0.45,broken clouds
111,Bad Kissingen,DE,50.2,10.0833,43.84,83,100,15.23,overcast clouds
112,Bambanglipuro,ID,-7.95,110.2833,77.36,88,90,4.83,light rain
113,Georgetown,MY,5.4112,100.3354,78.89,93,40,1.99,scattered clouds
114,Maldonado,UY,-34.6667,-54.9167,76.39,69,77,11.7,broken clouds
115,Viedma,AR,-40.8135,-62.9967,67.42,69,100,8.01,moderate rain
116,Iqaluit,CA,63.7506,-68.5145,-13.27,53,100,9.22,light snow
117,Emerald,AU,-23.5333,148.1667,75.34,57,17,10.36,few clouds
118,Panama City,PA,8.9936,-79.5197,91.17,59,40,8.05,scattered clouds
119,Matucana,PE,-11.85,-76.4,63.66,77,87,6.73,overcast clouds
120,Tasiilaq,GL,65.6145,-37.6368,17.76,58,100,35.48,light snow
121,Lorengau,PG,-2.0226,147.2712,80.55,75,74,6.96,broken clouds
122,Yanam,IN,16.7333,82.2167,77.4,84,4,5.41,clear sky
123,Hambantota,LK,6.1241,81.1185,79.14,94,20,1.14,few clouds
124,Husavik,IS,66.0449,-17.3389,28.31,94,100,20.07,snow
125,Pochutla,MX,15.7432,-96.4661,80.82,44,1,4.45,clear sky
126,Alice,US,27.7523,-98.0697,31.57,64,100,13.8,overcast clouds
127,Kavaratti,IN,10.5669,72.642,79.16,63,56,10.69,broken clouds
128,Tigil,RU,57.8,158.6667,0.37,93,71,3.53,broken clouds
129,Tabriz,IR,38.08,46.2919,35.06,87,100,4.61,overcast clouds
130,Ponta Do Sol,PT,32.6667,-17.1,70.72,76,83,1.68,broken clouds
131,Biak,ID,-0.9131,122.8766,76.24,84,100,3.71,overcast clouds
132,Sassandra,CI,4.95,-6.0833,85.6,61,35,11.34,scattered clouds
133,Carnarvon,AU,-24.8667,113.6333,82.47,57,9,13.8,clear sky
134,Linares,CL,-35.85,-71.6,81.39,36,26,7.29,scattered clouds
135,Morondava,MG,-20.2833,44.2833,83.61,75,39,18.39,scattered clouds
136,San Patricio,US,28.017,-97.5169,31.05,49,33,20.36,scattered clouds
137,Avarua,CK,-21.2078,-159.775,77.05,83,100,4.61,overcast clouds
138,Necochea,AR,-38.5473,-58.7368,78.04,55,50,12.35,scattered clouds
139,Barrow,US,71.2906,-156.7887,-29.18,99,0,8.05,clear sky
140,Staunton,US,38.1496,-79.0717,59.52,95,75,1.01,broken clouds
141,Burleson,US,32.5421,-97.3208,24.69,84,100,12.66,overcast clouds
142,Guerrero Negro,MX,27.9769,-114.0611,54.1,35,0,0.72,clear sky
143,Faanui,PF,-16.4833,-151.75,81.12,70,21,14.0,few clouds
144,Howard Springs,AU,-12.497,131.047,78.71,99,100,2.3,overcast clouds
145,College,US,64.8569,-147.8028,1.22,67,75,0.0,light snow
146,Saint-Denis,FR,48.9167,2.3333,48.85,89,75,8.01,broken clouds
147,Hilo,US,19.7297,-155.09,67.24,76,0,6.91,clear sky
148,Tomatlan,MX,19.9333,-105.25,78.33,40,56,1.21,broken clouds
149,Marsh Harbour,BS,26.5412,-77.0636,74.91,59,87,12.24,overcast clouds
150,Fremont,US,37.5483,-121.9886,53.37,65,0,1.99,clear sky
151,Kabare,CD,-2.4683,28.8242,64.67,92,98,3.2,light rain
152,Amga,RU,60.8953,131.9608,-22.68,100,99,2.33,overcast clouds
153,Inhapi,BR,-9.2214,-37.7486,93.36,27,59,7.85,broken clouds
154,Saint-Philippe,RE,-21.3585,55.7679,81.95,87,100,28.95,moderate rain
155,Hobyo,SO,5.3505,48.5268,77.25,68,6,17.09,clear sky
156,Vagur,FO,61.4732,-6.8119,37.83,62,100,40.56,overcast clouds
157,Meridian,US,43.6121,-116.3915,24.08,75,0,1.99,clear sky
158,Vostok,RU,46.4856,135.8833,-12.28,100,100,3.51,overcast clouds
159,Chapais,CA,49.7834,-74.8492,-16.82,84,57,4.72,broken clouds
160,Karaman,TR,37.0833,33.25,25.48,94,98,13.6,light snow
161,Tres Arroyos,AR,-38.3739,-60.2798,81.72,36,100,2.21,overcast clouds
162,Karpathos,GR,35.507,27.2132,51.76,62,40,24.16,scattered clouds
163,Samarai,PG,-10.6167,150.6667,81.32,80,95,9.24,overcast clouds
164,Northam,GB,51.0333,-4.2167,47.82,73,10,21.52,clear sky
165,Kenai,US,60.5544,-151.2583,20.03,97,100,0.0,overcast clouds
166,Sunrise Manor,US,36.2111,-115.0731,42.82,39,0,8.05,clear sky
167,Tondano,ID,1.3038,124.9112,66.29,95,100,1.97,overcast clouds
168,Toora-Khem,RU,52.4675,96.11,-17.97,100,49,0.51,scattered clouds
169,Lang Son,VN,21.8333,106.7333,47.84,82,28,3.71,scattered clouds
170,Yenagoa,NG,4.9247,6.2642,93.11,39,59,8.39,broken clouds
171,Kalmunai,LK,7.4167,81.8167,76.64,72,7,5.48,clear sky
172,Severo-Kurilsk,RU,50.6789,156.125,27.54,87,100,3.87,overcast clouds
173,Kungurtug,RU,50.5994,97.5228,-14.62,99,66,2.01,broken clouds
174,Kloulklubed,PW,7.0419,134.2556,81.1,81,24,14.03,few clouds
175,Codrington,AU,-38.2667,141.9667,54.7,93,53,7.99,broken clouds
176,Anloga,GH,5.7947,0.8973,88.02,68,12,14.76,few clouds
177,Palana,RU,59.1167,159.9667,9.91,83,100,11.54,overcast clouds
178,Bontang,ID,0.1333,117.5,78.67,85,74,9.64,broken clouds
179,Kerur,IN,16.0167,75.5667,73.67,31,15,4.63,few clouds
180,Arecibo,PR,18.4724,-66.7157,84.49,79,100,3.0,overcast clouds
181,Cidreira,BR,-30.1811,-50.2056,77.99,73,94,4.52,overcast clouds
182,Tilichiki,RU,60.4667,166.1,-2.69,82,100,8.14,overcast clouds
183,Juegang,CN,32.3174,121.1855,40.91,73,3,9.48,clear sky
184,Bubaque,GW,11.2833,-15.8333,79.43,56,0,10.13,clear sky
185,Male,MV,4.1748,73.5089,84.15,74,75,8.05,broken clouds
186,Puerto Carreno,CO,6.189,-67.4859,87.78,55,0,12.66,clear sky
187,Vengerovo,RU,55.6848,76.7471,17.55,83,100,12.48,overcast clouds
188,Ashtabula,US,41.7001,-80.7665,22.24,93,100,8.05,mist
189,Aliganj,IN,27.5,79.1833,53.15,84,0,8.03,clear sky
190,Atbasar,KZ,51.8,68.3333,11.84,82,100,6.58,overcast clouds
191,Miles City,US,46.4083,-105.8406,10.51,78,0,5.75,clear sky
192,Norman Wells,CA,65.282,-126.8329,-32.76,68,20,9.22,few clouds
193,Asfi,MA,32.2994,-9.2372,72.79,42,94,11.74,overcast clouds
194,Bara,NG,10.3744,10.7288,87.3,11,0,11.77,clear sky
195,Nome,US,64.5011,-165.4064,6.87,52,0,12.66,clear sky
196,Manama,BH,26.2154,50.5832,71.78,74,0,8.05,clear sky
197,Port Lincoln,AU,-34.7333,135.8667,63.32,80,52,16.35,broken clouds
198,Kodiak,US,57.79,-152.4072,29.71,93,0,6.91,clear sky
199,Talnakh,RU,69.4865,88.3972,-3.8,96,99,7.94,overcast clouds
200,Baculin,PH,7.4525,126.5842,75.88,81,100,5.84,overcast clouds
201,Novo Aripuana,BR,-5.1206,-60.3797,85.78,68,82,4.61,broken clouds
202,Manzhouli,CN,49.6,117.4333,-9.42,90,8,8.99,clear sky
203,Klaksvik,FO,62.2266,-6.589,36.52,68,96,46.64,overcast clouds
204,Kahului,US,20.8947,-156.47,67.84,81,0,3.44,clear sky
205,Lata,PT,40.1629,-8.3327,60.08,61,100,7.56,overcast clouds
206,Laramie,US,41.3114,-105.5911,26.26,62,0,17.27,clear sky
207,Arman,RU,59.7,150.1667,-2.54,73,99,11.81,overcast clouds
208,Alofi,NU,-19.0595,-169.9187,76.89,78,100,9.22,overcast clouds
209,Hithadhoo,MV,-0.6,73.0833,82.31,73,40,11.65,scattered clouds
210,Henties Bay,NA,-22.116,14.2845,68.86,75,1,10.94,clear sky
211,Tautira,PF,-17.7333,-149.15,77.02,77,58,15.57,light rain
212,Ternate,ID,0.8,127.4,80.02,81,76,4.27,broken clouds
213,Rust,DE,48.2667,7.7333,49.28,73,100,13.8,overcast clouds
214,Port Elizabeth,ZA,-33.918,25.5701,70.11,73,75,12.66,broken clouds
215,Adrar,MR,20.5022,-10.0711,82.47,7,10,10.25,clear sky
216,Skibbereen,IE,51.55,-9.2667,46.11,67,78,18.19,broken clouds
217,Dingle,PH,10.9995,122.6711,73.76,93,100,12.28,overcast clouds
218,Sorgun,TR,39.8101,35.186,25.21,96,100,4.9,overcast clouds
219,Kaduqli,SD,11.0167,29.7167,82.36,13,72,14.12,broken clouds
220,Lavrentiya,RU,65.5833,-171.0,1.35,52,0,18.19,clear sky
221,Abensberg,DE,48.8167,11.85,45.54,76,100,8.52,overcast clouds
222,Hami,CN,42.8,93.45,24.51,35,82,2.57,broken clouds
223,Cotonou,BJ,6.3654,2.4183,84.69,65,5,14.34,clear sky
224,Malusteni,RO,46.1833,27.9167,34.36,50,20,4.36,few clouds
225,Geraldton,AU,-28.7667,114.6,72.01,49,0,2.3,clear sky
226,Marystown,CA,47.1666,-55.1483,38.86,100,100,7.0,overcast clouds
227,Burgeo,CA,47.6167,-57.6152,27.12,92,100,19.39,snow
228,Kununurra,AU,-15.7667,128.7333,78.78,94,40,1.14,scattered clouds
229,Aklavik,CA,68.2191,-135.0107,-19.37,75,0,8.05,clear sky
230,Buala,SB,-8.145,159.5921,80.62,83,100,8.88,overcast clouds
231,Shingu,JP,33.7333,135.9833,41.92,59,2,12.77,clear sky
232,Chumikan,RU,54.7183,135.315,-4.04,78,97,11.61,overcast clouds
233,Shimoda,JP,34.6667,138.95,41.11,56,0,28.45,clear sky
234,Hokitika,NZ,-42.7167,170.9667,60.69,90,100,3.69,overcast clouds
235,Hearst,CA,49.6835,-83.6665,-19.95,79,100,4.27,overcast clouds
236,Padang,ID,-0.9492,100.3543,75.76,93,100,3.8,light rain
237,Menongue,AO,-14.6585,17.691,68.02,79,100,4.0,overcast clouds
238,Clyde River,CA,70.4692,-68.5914,-3.77,84,100,26.46,heavy snow
239,Airai,TL,-8.9266,125.4092,61.39,89,100,1.83,overcast clouds
240,Yar-Sale,RU,66.8333,70.8333,6.15,97,100,2.33,light snow
241,Peniche,PT,39.3558,-9.3811,62.62,85,100,11.99,overcast clouds
242,Borovskoy,KZ,53.8,64.15,21.58,82,100,12.37,overcast clouds
243,Praia Da Vitoria,PT,38.7333,-27.0667,60.76,100,75,10.56,broken clouds
244,Belmonte,BR,-15.8631,-38.8828,84.7,60,92,9.78,overcast clouds
245,Borogontsy,RU,62.6683,131.1683,-34.33,100,100,0.38,overcast clouds
246,Broome,US,42.2506,-75.833,23.16,76,100,1.99,snow
247,Sabang,ID,5.8933,95.3214,82.9,74,35,14.25,scattered clouds
248,Ostrovnoy,RU,68.0531,39.5131,3.6,97,85,9.75,overcast clouds
249,Kavieng,PG,-2.5744,150.7967,82.45,70,100,10.11,overcast clouds
250,Doha,QA,25.2867,51.5333,71.91,71,0,8.05,clear sky
251,Aksarka,RU,66.5606,67.7975,6.15,97,100,2.71,overcast clouds
252,Namatanai,PG,-3.6667,152.4333,79.77,80,100,7.14,overcast clouds
253,Asyut,EG,27.181,31.1837,62.78,41,16,13.85,few clouds
254,Ilulissat,GL,69.2167,-51.1,12.22,67,75,23.02,broken clouds
255,Manokwari,ID,-0.8667,134.0833,78.28,79,67,2.42,broken clouds
256,Fairbanks,US,64.8378,-147.7164,1.24,67,100,3.44,light snow
257,Lebu,CL,-37.6167,-73.65,64.76,77,12,15.28,few clouds
258,Te Anau,NZ,-45.4167,167.7167,44.26,95,96,3.71,overcast clouds
259,Ocampo,MX,21.65,-101.5,58.87,33,26,6.4,scattered clouds
260,Cherskiy,RU,68.75,161.3,-34.69,99,8,3.42,clear sky
261,Adolfo Lopez Mateos,MX,28.4667,-107.3,27.93,66,96,7.31,overcast clouds
262,Kerema,PG,-7.9631,145.7785,76.59,90,98,9.46,heavy intensity rain
263,Tashigang,BT,27.3331,91.5542,44.62,99,100,1.48,light rain
264,Algiers,DZ,36.7525,3.042,64.22,48,0,6.91,clear sky
265,Gijon,ES,43.5357,-5.6615,55.83,83,100,5.01,overcast clouds
266,Horsham,GB,51.064,-0.3272,48.02,63,40,12.66,scattered clouds
267,Strezhevoy,RU,60.7333,77.5889,24.78,95,100,8.5,overcast clouds
268,East London,ZA,-33.0153,27.9116,65.34,100,75,8.05,broken clouds
269,General Teran,MX,25.2667,-99.6833,39.31,41,100,12.39,overcast clouds
270,Sorong,ID,-0.8833,131.25,81.18,81,90,10.22,overcast clouds
271,Meulaboh,ID,4.1363,96.1285,77.9,86,100,4.12,overcast clouds
272,Lompoc,US,34.6391,-120.4579,59.13,78,0,8.05,clear sky
273,Xining,CN,36.6167,101.7667,18.21,49,98,4.07,overcast clouds
274,Cockburn Town,TC,21.4612,-71.1419,75.88,70,0,19.73,clear sky
275,Kaitangata,NZ,-46.2817,169.8464,47.77,92,100,6.06,overcast clouds
276,Sao Felix Do Xingu,BR,-6.6447,-51.995,88.77,54,66,1.34,broken clouds
277,Sept-Iles,CA,50.2001,-66.3821,3.06,55,75,4.0,broken clouds
278,Yining,CN,29.0361,114.5636,37.36,87,4,1.61,clear sky
279,Kubachi,RU,42.086,47.6034,32.04,77,89,1.45,overcast clouds
280,Gafanha Da Nazare,PT,40.6362,-8.7134,57.29,76,100,10.87,overcast clouds
281,Sompeta,IN,18.9333,84.6,73.58,86,2,11.52,clear sky
282,Petropavlovsk-Kamchatskiy,RU,53.0452,158.6483,25.39,63,75,13.42,broken clouds
283,The Valley,AI,18.217,-63.0578,82.26,73,40,13.8,scattered clouds
284,Natal,BR,-5.795,-35.2094,88.45,62,40,17.27,scattered clouds
285,Manadhoo,MV,5.7667,73.3833,81.79,70,31,10.45,scattered clouds
286,Taguatinga,BR,-12.3857,-46.5711,91.09,46,25,3.4,scattered clouds
287,Praia,CV,14.9215,-23.5087,84.74,32,0,18.41,clear sky
288,Namibe,AO,-15.1961,12.1522,76.55,63,86,12.84,overcast clouds
289,Coquimbo,CL,-29.9533,-71.3436,69.82,69,0,6.87,clear sky
290,Hasaki,JP,35.7333,140.8333,30.6,82,99,8.32,overcast clouds
291,Port Keats,AU,-14.25,129.55,80.26,84,100,5.19,overcast clouds
292,Marzuq,YE,14.4,46.4667,68.7,38,22,7.4,few clouds
293,Quatre Cocos,MU,-20.2078,57.7625,80.1,86,100,16.26,light rain
294,Havre-Saint-Pierre,CA,50.2334,-63.5986,3.79,59,75,18.41,broken clouds
295,Chakrata,IN,30.7,77.85,31.24,94,90,3.27,overcast clouds
296,Sioux Lookout,CA,50.1001,-91.917,-18.02,76,0,2.3,clear sky
297,Rocha,UY,-34.4833,-54.3333,79.74,67,55,12.48,broken clouds
298,Kiama,AU,-34.6833,150.8667,66.0,82,69,3.0,moderate rain
299,Bandarbeyla,SO,9.4942,50.8122,76.15,61,2,11.61,clear sky
300,Chumphon,TH,10.3333,98.8333,71.04,88,4,3.22,clear sky
301,Mananjary,MG,-21.2167,48.3333,77.16,91,100,17.98,moderate rain
302,Myitkyina,MM,25.3833,97.4,59.2,68,80,2.73,broken clouds
303,Bibiani,GH,6.4635,-2.3194,97.21,24,20,1.97,few clouds
304,Verkhnevilyuysk,RU,63.4453,120.3167,-20.47,99,76,2.59,broken clouds
305,Byron Bay,AU,-28.65,153.6167,71.49,60,100,20.85,overcast clouds
306,Gariaband,IN,20.635,82.0614,67.55,30,0,3.56,clear sky
307,Fare,PF,-16.7,-151.0167,79.81,76,14,13.06,light rain
308,Aanekoski,FI,62.6946,25.818,23.07,100,100,16.89,light snow
309,Bredasdorp,ZA,-34.5322,20.0403,71.28,46,40,14.97,scattered clouds
310,Lazaro Cardenas,MX,17.9583,-102.2,77.23,60,1,1.9,clear sky
311,Sitka,US,57.0531,-135.33,42.69,87,100,11.5,mist
312,Kerchevskiy,RU,59.946,56.2884,7.83,98,100,3.2,overcast clouds
313,Malanje,AO,-9.5402,16.341,71.82,83,87,3.98,light rain
314,Soyo,AO,-6.1349,12.3689,84.25,66,94,9.37,overcast clouds
315,Berlevag,NO,70.8578,29.0864,13.95,73,20,2.3,few clouds
316,Lubbock,US,33.6001,-101.8338,16.38,71,0,6.91,clear sky
317,Teya,RU,60.3778,92.6267,16.9,90,100,9.69,overcast clouds
318,Dikson,RU,73.5069,80.5464,-2.06,89,100,5.53,overcast clouds
319,Carauari,BR,-4.8828,-66.8958,74.1,94,100,2.75,overcast clouds
320,Los Llanos De Aridane,ES,28.6585,-17.9182,68.13,66,20,3.0,few clouds
321,Slavkov U Brna,CZ,49.1533,16.8765,45.52,79,75,4.61,broken clouds
322,Abbeville,FR,50.1,1.8333,44.94,76,85,15.97,overcast clouds
323,Salinas,US,36.6777,-121.6555,53.38,61,0,5.75,clear sky
324,Gornyy,RU,55.1153,83.9059,11.79,90,100,11.59,overcast clouds
325,Fortuna,US,40.5982,-124.1573,44.65,95,100,1.01,overcast clouds
326,Saint Andrews,US,34.0454,-81.1293,68.0,80,100,11.5,mist
327,Cabo San Lucas,MX,22.8909,-109.9124,67.51,55,0,4.76,clear sky
328,Novopetrovskoye,RU,55.9928,36.4719,22.21,99,98,3.02,light snow
329,Sangar,RU,63.9242,127.4739,-34.83,100,91,1.79,overcast clouds
330,Lagos,NG,6.5833,3.75,93.52,46,11,10.27,few clouds
331,Aguia Branca,BR,-18.9831,-40.7403,83.19,70,100,5.7,overcast clouds
332,Darnah,LY,32.767,22.6367,54.21,61,14,17.78,few clouds
333,Olinda,BR,-8.0089,-34.8553,87.53,58,40,9.22,scattered clouds
334,Rajanpur,PK,29.1035,70.325,61.99,25,0,5.26,clear sky
335,Samana,DO,19.2056,-69.3369,76.96,83,75,4.61,broken clouds
336,Ust-Barguzin,RU,53.45,108.9833,0.19,98,100,2.62,overcast clouds
337,Majene,ID,-3.5403,118.9707,78.51,83,100,6.82,overcast clouds
338,Big Spring,US,32.2504,-101.4787,21.27,73,0,4.0,clear sky
339,Isangel,VU,-19.55,169.2667,78.22,89,100,8.63,heavy intensity rain
340,Bichura,RU,50.5881,107.6022,-3.03,97,67,4.03,broken clouds
341,Corn Island,NI,12.1694,-83.0418,81.21,66,78,15.03,broken clouds
342,Akyab,MM,20.15,92.9,70.56,66,0,1.19,clear sky
343,Crawfordsville,US,40.0411,-86.8745,19.31,100,0,0.0,clear sky
344,Tchaourou,BJ,8.8865,2.5975,95.14,10,4,4.38,clear sky
345,Iskateley,RU,67.6803,53.1512,-2.99,99,93,5.14,overcast clouds
346,Pundaguitan,PH,6.3711,126.1689,78.37,76,100,13.0,overcast clouds
347,Helsingborg,SE,56.0467,12.6944,43.95,95,100,18.9,light rain
348,Chuy,UY,-33.6971,-53.4616,80.24,70,38,6.24,scattered clouds
349,Leningradskiy,RU,69.3833,178.4167,-16.94,88,3,6.38,clear sky
350,Nhulunbuy,AU,-12.2333,136.7667,81.21,83,100,9.22,light rain
351,Gibara,CU,21.1097,-76.1317,79.92,58,33,17.4,scattered clouds
352,Jasper,US,37.2001,-94.3502,20.26,66,0,1.01,clear sky
353,Pringsewu,ID,-5.3582,104.9744,75.16,94,99,1.97,overcast clouds
354,Umm Kaddadah,SD,13.6017,26.6876,73.76,13,8,18.57,clear sky
355,Komsomolskiy,UZ,40.4272,71.7189,40.42,60,0,6.91,clear sky
356,Cap Malheureux,MU,-19.9842,57.6142,80.47,80,100,8.99,overcast clouds
357,General Roca,AR,-39.0333,-67.5833,79.63,34,59,9.24,broken clouds
358,Deputatskiy,RU,69.3,139.9,-28.26,100,88,2.8,overcast clouds
359,San Antonio,US,29.4241,-98.4936,30.36,74,100,5.01,overcast clouds
360,Muros,ES,42.7762,-9.0603,58.68,75,99,7.83,overcast clouds
361,Partizanskoye,RU,55.5006,94.39,5.29,92,100,5.37,overcast clouds
362,Bridlington,GB,54.0831,-0.1919,44.78,67,59,24.81,broken clouds
363,Abha,SA,18.2164,42.5053,64.22,72,40,11.5,scattered clouds
364,Half Moon Bay,US,37.4636,-122.4286,50.61,86,0,0.0,clear sky
365,Carutapera,BR,-1.195,-46.02,81.86,78,100,6.96,overcast clouds
366,Longyearbyen,SJ,78.2186,15.6401,19.24,68,20,21.85,few clouds
367,Gidole,ET,5.65,37.3667,68.99,36,100,2.28,overcast clouds
368,Sao Filipe,CV,14.8961,-24.4956,74.98,67,0,9.01,clear sky
369,Tatawin,TN,32.9297,10.4518,68.88,25,29,16.62,scattered clouds
370,Sao Geraldo Do Araguaia,BR,-6.4006,-48.555,85.64,73,83,1.97,broken clouds
371,Vao,NC,-22.6667,167.4833,80.04,85,98,14.92,overcast clouds
372,Vilyuysk,RU,63.7553,121.6247,-31.79,100,83,2.73,broken clouds
373,Batangafo,CF,7.3008,18.2833,95.65,9,14,6.15,few clouds
374,Chulman,RU,56.8479,124.9104,-6.72,96,100,7.72,overcast clouds
375,Ahipara,NZ,-35.1667,173.1667,71.22,87,96,14.65,overcast clouds
376,Sechura,PE,-5.5569,-80.8222,79.25,57,45,5.86,scattered clouds
377,Jacareacanga,BR,-6.2222,-57.7528,88.48,56,95,5.88,overcast clouds
378,Miranda,CO,3.2499,-76.2281,73.53,69,61,4.72,broken clouds
379,Sagu,RO,46.05,21.2833,42.64,61,0,10.36,clear sky
380,Rio Gallegos,AR,-51.6226,-69.2181,50.05,43,40,10.36,scattered clouds
381,Adre,TD,13.4667,22.2,76.32,14,0,14.56,clear sky
382,Vestmannaeyjar,IS,63.4427,-20.2734,29.39,80,20,16.11,few clouds
383,Bella Vista,US,36.4295,-94.2316,21.88,78,20,1.01,few clouds
384,Ambanja,MG,-13.6833,48.45,78.73,92,100,6.31,light rain
385,Lulea,SE,65.5842,22.1547,23.07,93,100,26.46,light snow
386,Araouane,ML,18.9048,-3.5265,82.06,7,0,9.22,clear sky
387,Richards Bay,ZA,-28.783,32.0377,73.38,94,100,15.73,moderate rain
388,Piacabucu,BR,-10.4056,-36.4344,86.65,57,13,14.12,few clouds
389,Kidal,ML,18.4411,1.4078,77.63,8,0,14.2,clear sky
390,Hermiston,US,45.8404,-119.2895,45.1,86,0,8.05,clear sky
391,Imbituba,BR,-28.24,-48.6703,82.81,71,96,15.12,light rain
392,Mogadishu,SO,2.0371,45.3438,78.21,83,13,18.54,few clouds
393,Pajan,EC,-1.5667,-80.4167,76.35,82,100,1.83,overcast clouds
394,Chandler,US,33.3062,-111.8412,50.2,24,0,1.01,clear sky
395,Pak Thong Chai,TH,14.7226,102.0251,81.14,62,13,3.38,few clouds
396,Poso,ID,-1.3959,120.7524,77.23,81,100,3.67,light rain
397,Kampot,KH,10.6167,104.1833,82.45,78,58,3.96,broken clouds
398,Digby,CA,44.6169,-65.7655,33.31,96,100,20.15,snow
399,Kyra,RU,49.5776,111.9753,-0.99,90,39,7.02,scattered clouds
400,Bardiyah,LY,31.7561,25.0865,54.75,58,69,20.27,broken clouds
401,Bassano,CA,50.7834,-112.4685,4.59,97,95,5.53,overcast clouds
402,Filadelfia,US,39.9523,-75.1638,47.05,94,100,1.01,moderate rain
403,Along,IN,28.1667,94.7667,54.19,89,100,3.44,light rain
404,Radebeul,DE,51.1065,13.6605,46.92,71,40,14.97,scattered clouds
405,Trinidad,BO,-14.8333,-64.9,85.98,74,40,16.11,scattered clouds
406,Arkhipo-Osipovka,RU,44.37,38.52,35.29,82,99,10.63,overcast clouds
407,Boddam,GB,57.4667,-1.7833,37.38,68,80,25.34,broken clouds
408,Yangambi,CD,0.8102,24.4336,83.1,48,100,1.86,overcast clouds
409,Amapa,BR,1.0,-52.0,80.28,81,98,3.47,overcast clouds
410,Uruzgan,AF,32.8333,66.0,36.45,40,43,6.46,scattered clouds
411,Kilindoni,TZ,-7.9139,39.6668,81.7,78,100,14.72,overcast clouds
412,Palauig,PH,15.435,119.9045,77.79,75,59,4.32,broken clouds
413,Puerto Escondido,MX,15.85,-97.0667,81.37,56,0,4.88,clear sky
414,Takoradi,GH,4.8845,-1.7554,85.01,62,16,11.54,few clouds
415,Saint George,US,37.1041,-113.5841,34.36,47,0,3.0,clear sky
416,Baherden,TM,38.4362,57.4316,58.24,27,9,6.6,clear sky
417,Manyana,BW,-23.4,21.7167,83.59,41,69,8.57,broken clouds
418,Umea,SE,63.8284,20.2597,33.73,100,100,25.32,snow
419,Ugoofaaru,MV,5.6667,73.0,81.64,70,63,9.89,broken clouds
420,Darhan,MN,49.4867,105.9228,-7.55,96,62,4.97,broken clouds
421,Benxi,CN,41.2886,123.765,1.72,82,3,2.44,clear sky
422,Skara,SE,58.3866,13.4384,37.13,3,100,11.99,light rain
423,Shirgaon,IN,19.7,72.7,69.49,54,2,4.76,clear sky
424,Antalaha,MG,-14.9003,50.2788,81.48,75,100,2.37,overcast clouds
425,Acapulco,MX,16.8634,-99.8901,79.38,56,0,2.75,clear sky
426,Evensk,RU,61.95,159.2333,13.41,44,61,19.93,broken clouds
427,Najran,SA,17.4924,44.1277,81.25,34,48,4.05,scattered clouds
428,Mahebourg,MU,-20.4081,57.7,80.26,94,75,17.27,broken clouds
429,Aden,YE,12.7794,45.0367,78.22,55,5,5.75,clear sky
430,Korla,CN,41.7597,86.1469,27.32,47,100,4.72,overcast clouds
431,Izumo,JP,35.3667,132.7667,39.15,58,100,23.71,overcast clouds
432,Raduzhnyy,RU,62.0961,77.475,19.49,95,99,8.72,overcast clouds
433,Gagra,GE,43.3283,40.2239,38.32,90,100,11.72,moderate rain
434,Kaeo,NZ,-35.1,173.7833,71.33,96,88,10.25,overcast clouds
435,Kupang,ID,-10.1667,123.5833,77.95,86,100,7.09,overcast clouds
436,Kampene,CD,-3.6,26.6667,70.92,97,99,3.44,light rain
437,Rockland,US,41.1668,-74.0496,38.19,93,100,1.01,snow
438,Vila Franca Do Campo,PT,37.7167,-25.4333,65.19,65,100,12.03,overcast clouds
439,Madang,PG,-5.2246,145.7966,76.91,92,88,6.22,overcast clouds
440,Bjorkelangen,NO,59.8848,11.5694,37.45,84,100,8.77,overcast clouds
441,Puerto Del Rosario,ES,28.5004,-13.8627,69.55,49,20,3.44,few clouds
442,Gashua,NG,12.871,11.0482,81.21,12,2,15.7,clear sky
443,Yulara,AU,-25.2406,130.9889,71.44,37,2,6.91,clear sky
444,La Baule-Escoublac,FR,47.2922,-2.364,50.88,92,100,11.5,overcast clouds
445,Barao De Cocais,BR,-19.9458,-43.4872,84.38,76,100,3.94,overcast clouds
446,Peachland,CA,49.7665,-119.7357,33.67,76,100,1.01,overcast clouds
447,Lasa,IT,46.6166,10.7002,49.08,83,4,1.72,clear sky
448,Narsaq,GL,60.9167,-46.05,4.64,66,97,24.43,overcast clouds
449,Belaya Gora,RU,68.5333,146.4167,-39.08,100,55,1.12,broken clouds
450,Mackay,AU,-21.15,149.2,78.78,83,75,19.57,broken clouds
451,Katsuura,JP,35.1333,140.3,48.22,86,28,9.13,scattered clouds
452,Mumbwa,ZM,-14.9783,27.0619,70.25,91,98,2.77,light rain
453,Saint Anthony,US,45.0205,-93.218,5.79,75,100,1.99,overcast clouds
454,Guantanamo,CU,20.1444,-75.2092,81.46,49,37,9.8,scattered clouds
455,Zanjan,IR,36.6736,48.4787,29.89,100,75,6.91,fog
456,Siguiri,GN,11.6667,-9.5,94.96,7,0,4.63,clear sky
457,Tarija,BO,-21.5355,-64.7296,75.11,64,40,6.91,scattered clouds
458,Mercedes,AR,-34.6515,-59.4307,84.51,59,91,5.06,overcast clouds
459,North Bend,US,43.4065,-124.2243,41.07,100,100,9.22,overcast clouds
460,Kambove,CD,-10.8764,26.5969,63.1,95,100,3.47,overcast clouds
461,Houma,US,29.5958,-90.7195,37.99,94,100,14.97,mist
462,Vallenar,CL,-28.5708,-70.7581,81.95,22,0,7.96,clear sky
463,Kaitong,CN,44.8135,123.15,-5.13,81,11,7.72,few clouds
464,Mouila,GA,-1.8685,11.0559,80.37,80,71,1.74,light rain
465,Pacific Grove,US,36.6177,-121.9166,52.97,65,0,1.01,clear sky
466,Changqing,CN,36.5575,116.7272,27.36,27,24,1.72,few clouds
467,Biskamzha,RU,53.4497,89.5272,2.84,98,62,1.28,broken clouds
468,Hun,LY,29.1268,15.9477,60.15,31,0,2.71,clear sky
469,Vila Velha,BR,-20.3297,-40.2925,78.75,83,75,20.71,broken clouds
470,Nelson Bay,AU,-32.7167,152.15,70.0,63,76,4.0,broken clouds
471,Hoeilaart,BE,50.7667,4.4667,42.58,89,75,19.57,broken clouds
472,Qasigiannguit,GL,68.8193,-51.1922,1.22,95,100,7.18,overcast clouds
473,Solnechnyy,RU,50.7214,136.6319,0.34,98,100,0.92,overcast clouds
474,Nouadhibou,MR,20.931,-17.0347,80.58,18,10,11.5,clear sky
475,Morro Bay,US,35.3658,-120.8499,50.32,56,19,1.01,few clouds
476,Aurillac,FR,44.9167,2.45,43.05,94,100,3.44,overcast clouds
477,Khandyga,RU,62.6667,135.6,-38.63,100,55,1.68,broken clouds
478,Colares,PT,38.7992,-9.4469,61.29,67,75,1.01,broken clouds
479,Ossora,RU,59.2353,163.0719,13.06,84,100,6.24,overcast clouds
480,Palma Di Montechiaro,IT,37.1926,13.765,57.61,83,34,6.33,scattered clouds
481,Puerto Narino,CO,-3.7703,-70.3831,73.35,74,98,1.61,moderate rain
482,Kendari,ID,-3.945,122.4989,76.1,91,99,1.16,overcast clouds
483,Canutama,BR,-6.5339,-64.3831,73.92,98,100,2.01,light rain
484,Miramar,US,25.9873,-80.2323,80.02,71,100,7.0,overcast clouds
485,Nuevo Progreso,MX,23.1667,-97.95,45.59,63,100,7.0,overcast clouds
486,Brae,GB,60.3964,-1.353,40.91,62,100,34.69,overcast clouds
487,Vardo,NO,70.3705,31.1107,19.38,79,40,17.27,scattered clouds
488,Berdigestyakh,RU,62.0989,126.6992,-21.62,99,91,3.0,overcast clouds
489,Sibay,RU,52.7181,58.6658,17.69,96,100,4.12,overcast clouds
490,Faya,SA,18.3851,42.4509,64.51,78,25,7.81,scattered clouds
491,Constantine,DZ,36.365,6.6147,71.01,18,0,11.5,clear sky
492,Port Augusta,AU,-32.5,137.7667,64.54,43,47,8.61,scattered clouds
493,Coihaique,CL,-45.5752,-72.0662,63.21,55,20,6.91,few clouds
494,Saurimo,AO,-9.6608,20.3916,75.52,73,75,9.22,broken clouds
495,Tiruchchendur,IN,8.4833,78.1167,79.21,76,1,9.62,clear sky
496,Port Moresby,PG,-9.4431,147.1797,76.98,85,43,6.49,scattered clouds
497,Bilibino,RU,68.0546,166.4372,-9.17,78,0,4.97,clear sky
498,Paso De Carrasco,UY,-34.8603,-56.0522,80.26,87,75,11.5,broken clouds
499,Magadan,RU,59.5667,150.8,-2.67,70,90,11.05,overcast clouds
500,Inta,RU,66.0317,60.1659,11.48,95,99,11.54,overcast clouds
501,Tanete,ID,-3.9443,119.7848,77.83,88,97,4.54,overcast clouds
502,Aksay,RU,47.26,39.87,35.82,96,100,8.01,overcast clouds
503,Barsovo,RU,61.1667,73.1667,24.93,94,100,9.57,overcast clouds
504,Porto Novo,BJ,6.4965,2.6036,87.71,52,4,12.44,clear sky
505,Kieta,PG,-6.2167,155.6333,80.96,84,100,11.5,overcast clouds
506,Sohag,EG,26.557,31.6948,64.69,41,6,13.58,clear sky
507,Srednekolymsk,RU,67.45,153.6833,-33.63,100,100,1.7,overcast clouds
508,Grenville,GD,12.1167,-61.6167,84.25,71,4,16.13,clear sky
509,Zyryanka,RU,65.75,150.85,-40.85,100,100,1.63,overcast clouds
510,Poum,NC,-20.2333,164.0167,81.09,86,100,17.78,moderate rain
511,Mount Isa,AU,-20.7333,139.5,73.17,38,68,8.05,broken clouds
512,Balykshi,KZ,47.0667,51.8667,37.4,93,75,2.24,mist
513,Santa Ana,US,33.7456,-117.8678,60.1,23,20,4.0,few clouds
514,Yaan,NG,7.3833,8.5667,95.07,9,1,9.78,clear sky
515,Djambala,CG,-2.5447,14.7533,76.89,68,100,1.72,light rain
516,Dayong,CN,25.0209,118.2898,52.9,89,100,3.0,overcast clouds
517,Sinegorskiy,RU,48.0139,40.8447,32.95,93,100,7.85,overcast clouds
518,Donskoye,RU,45.4552,41.9741,33.93,99,100,9.84,light snow
519,Tazovskiy,RU,67.4667,78.7,3.34,97,96,6.17,overcast clouds
520,Russell,US,32.3502,-85.1999,51.51,93,100,4.61,overcast clouds
521,Lloret De Mar,ES,41.6999,2.8457,63.12,71,100,4.0,overcast clouds
522,Soure,BR,-0.7167,-48.5233,80.58,82,100,6.62,overcast clouds
523,Krasnoselkup,RU,65.7,82.4667,16.11,96,100,6.91,light snow
524,Santa Maria,BR,-29.6842,-53.8069,76.3,94,75,1.14,broken clouds
525,Bobbili,IN,18.5667,83.3667,70.99,77,5,3.29,clear sky
526,Iracoubo,GF,5.4802,-53.2011,78.78,88,88,10.31,overcast clouds
527,Broken Hill,AU,-31.95,141.4333,67.71,37,95,9.22,overcast clouds
528,Miraflores,MX,19.2167,-98.8083,62.87,37,0,4.79,clear sky
529,Port Hardy,CA,50.6996,-127.4199,42.98,93,100,9.22,light rain
530,Yarensk,RU,62.1675,49.0916,-3.5,100,68,1.92,broken clouds
531,Arlit,NE,18.7369,7.3853,78.69,7,43,5.17,scattered clouds
532,Upington,ZA,-28.4478,21.2561,91.78,21,20,2.3,few clouds
533,Port Blair,IN,11.6667,92.75,78.84,83,40,2.3,mist
534,San Angelo,US,31.4638,-100.437,22.1,72,7,13.0,clear sky
535,Wajir,KE,1.7471,40.0573,94.5,20,41,6.31,scattered clouds
536,Arica,CL,-18.475,-70.3042,78.35,68,0,12.66,clear sky
537,Chadiza,ZM,-14.0678,32.4392,66.78,93,100,9.33,overcast clouds
538,Marawi,PH,7.9986,124.2928,67.64,90,100,3.94,overcast clouds
539,Arari,BR,-3.4536,-44.78,83.86,79,95,4.09,heavy intensity rain
540,Port-Gentil,GA,-0.7193,8.7815,80.49,75,66,9.78,broken clouds
541,San Rafael Del Sur,NI,11.8485,-86.4384,81.57,43,37,13.13,scattered clouds
542,Buchanan,LR,5.8808,-10.0467,93.16,62,13,13.29,few clouds
543,Goderich,CA,43.7501,-81.7165,13.91,85,81,10.87,broken clouds
544,Zambezi,ZM,-13.5432,23.1047,70.11,90,100,4.76,light rain
545,Champerico,GT,14.3,-91.9167,89.29,56,1,8.93,clear sky
546,Kesova Gora,RU,57.5836,37.2922,16.25,100,90,4.9,overcast clouds
547,Gombe,NG,10.2897,11.1673,84.81,14,0,12.53,clear sky
548,Nalbari,IN,26.4456,91.4354,57.18,87,100,11.07,overcast clouds
549,Ardakan,IR,32.31,54.0175,70.18,31,63,11.48,broken clouds
550,Longview,US,32.5007,-94.7405,27.07,86,100,3.0,overcast clouds
551,Tocopilla,CL,-22.092,-70.1979,73.09,67,7,11.95,clear sky
552,Agirish,RU,61.9247,63.0231,4.82,96,78,4.88,broken clouds
553,Shelburne,CA,44.0787,-80.2041,8.6,82,50,6.4,scattered clouds
554,Kontagora,NG,10.3999,5.4695,92.79,10,12,4.61,few clouds
555,Gillette,US,44.2911,-105.5022,23.23,60,25,10.13,scattered clouds
556,Kamiiso,JP,41.8167,140.65,21.49,93,96,2.59,light snow
557,Cozumel,MX,20.5083,-86.9458,82.94,77,46,5.01,scattered clouds
558,Astoria,US,46.1879,-123.8313,44.85,94,100,4.61,mist
559,Jaisalmer,IN,26.9147,70.9181,66.87,14,0,4.7,clear sky
560,Faranah,GN,10.0404,-10.7434,95.59,7,2,4.79,clear sky
561,Zaranj,AF,30.9667,61.8833,55.36,23,0,6.24,clear sky
562,Anadyr,RU,64.75,177.4833,-7.2,74,0,9.26,clear sky
563,Ambilobe,MG,-13.2,49.05,77.81,85,100,11.52,overcast clouds
564,Noyabrsk,RU,63.1994,75.4507,15.42,96,94,10.4,overcast clouds
565,Siena,IT,43.2167,11.4,57.51,82,100,2.93,overcast clouds
566,Nalut,LY,30.3333,10.85,64.35,15,5,3.91,clear sky
567,Shubarkuduk,KZ,49.1447,56.4872,27.84,80,100,19.37,overcast clouds
568,Suez,EG,29.9737,32.5263,57.02,67,36,21.36,scattered clouds
569,Urengoy,RU,65.9667,78.3667,12.9,96,100,5.53,overcast clouds
570,Atyrau,KZ,47.1167,51.8833,37.42,93,75,2.24,mist
571,Changping,CN,40.2186,116.2197,20.64,36,0,6.46,clear sky
572,Sur,OM,22.5667,59.5289,71.49,53,17,4.72,few clouds
573,Tiarei,PF,-17.5333,-149.3333,77.02,76,81,15.05,light rain
574,Grindavik,IS,63.8424,-22.4338,30.15,74,75,3.44,broken clouds
575,Atasu,KZ,48.6814,71.6433,7.99,71,4,9.55,clear sky
576,Mackenzie,CA,55.2999,-123.1698,30.42,100,100,8.05,overcast clouds
577,Tarko-Sale,RU,64.9225,77.785,12.83,97,100,3.78,overcast clouds
578,Garanhuns,BR,-8.8903,-36.4928,86.99,28,4,8.86,clear sky
579,Shenjiamen,CN,29.9576,122.298,42.01,61,5,7.49,clear sky
580,Santo Domingo,DO,18.5001,-69.9886,82.04,77,40,13.8,scattered clouds
581,Sao Joao Da Barra,BR,-21.6403,-41.0511,86.09,82,100,10.58,overcast clouds
582,Dalbandin,PK,28.8947,64.4101,55.13,20,0,5.37,clear sky
583,Kalghatgi,IN,15.1833,74.9667,66.07,73,19,5.5,few clouds
584,Hamilton,US,39.1834,-84.5333,23.41,88,100,1.01,snow
585,Santa Cruz,BO,-17.8,-63.1667,84.25,70,75,19.57,broken clouds
586,Sovetskiy,RU,61.3614,63.5842,5.31,98,100,2.57,overcast clouds
587,Likasi,CD,-10.9814,26.7333,64.0,95,100,3.24,overcast clouds
588,Marabba,SD,12.35,32.1833,83.19,12,36,19.19,scattered clouds
589,Maniwaki,CA,46.3834,-75.966,-0.02,60,19,10.36,few clouds
590,Kjollefjord,NO,70.9457,27.3465,13.78,81,100,28.79,overcast clouds
591,Fort Morgan,US,40.2503,-103.8,16.81,85,0,10.36,clear sky
592,Sorland,NO,67.667,12.6934,31.86,92,100,23.4,light snow
593,Rosarito,MX,32.3333,-117.0333,56.93,25,0,14.63,clear sky
594,Cangucu,BR,-31.395,-52.6756,74.41,91,99,1.32,overcast clouds
595,Casa Grande,US,32.8795,-111.7573,49.01,29,0,10.0,clear sky
596,Preston,GB,53.7667,-2.7167,45.73,76,40,4.0,scattered clouds
597,Ewa Beach,US,21.3156,-158.0072,68.68,81,20,3.0,few clouds
598,Longkou,CN,37.6508,120.3286,28.65,41,13,14.52,few clouds
599,Arenapolis,BR,-14.4503,-56.8461,87.42,59,80,4.81,broken clouds
600,Araxa,BR,-19.5933,-46.9406,78.76,65,40,5.75,scattered clouds
601,Manavalakurichi,IN,8.1333,77.3,82.49,77,0,7.54,clear sky
602,Conroe,US,30.3119,-95.456,28.69,83,88,4.0,overcast clouds
603,Vila,PT,42.0304,-8.1588,46.74,80,100,3.96,overcast clouds
604,Tsumeb,NA,-19.2333,17.7167,81.95,74,90,12.19,light rain
605,Pisco,PE,-13.7,-76.2167,75.02,64,0,6.91,clear sky
606,Dudinka,RU,69.4058,86.1778,-3.39,97,100,6.17,overcast clouds
607,Ostersund,SE,63.1792,14.6357,30.65,80,0,9.22,clear sky
608,Tigre,AR,-34.426,-58.5796,84.2,61,40,4.61,scattered clouds
609,Pesnica Pri Mariboru,SI,46.6069,15.6767,50.72,64,0,5.75,clear sky
610,Baruun-Urt,MN,46.6806,113.2792,-5.21,91,11,7.56,few clouds
611,Bud,US,39.447,-86.1758,20.75,85,90,8.28,overcast clouds
612,Yantal,RU,56.8471,105.2542,12.07,94,100,7.81,light snow
613,Tari,NG,12.4086,4.4914,87.64,9,3,12.44,clear sky
614,Shumskiy,RU,54.8318,99.1328,9.18,93,99,3.11,overcast clouds
615,Yarmouth,US,41.7057,-70.2286,45.97,95,100,13.8,mist
616,Sawakin,SD,19.1059,37.3321,72.43,52,57,16.78,broken clouds
617,Siverek,TR,37.755,39.3167,39.81,89,99,6.44,overcast clouds
618,Ocos,GT,14.5094,-92.1933,89.26,59,1,10.71,clear sky
619,Tiznit,MA,29.5833,-9.5,71.91,26,88,8.48,overcast clouds
620,Ixtapa,MX,20.7,-105.2,75.79,43,18,2.73,few clouds
621,Honningsvag,NO,70.9821,25.9704,20.25,81,100,32.17,light snow
622,Cleveland,US,41.4995,-81.6954,23.41,91,100,8.05,overcast clouds
623,Solano,US,38.2333,-121.9511,50.81,65,0,4.23,clear sky
624,Young,UY,-32.6833,-57.6333,84.22,40,28,7.65,scattered clouds
625,Monrovia,LR,6.3005,-10.7969,92.97,63,6,12.21,clear sky
626,Tecpan,GT,14.7623,-90.9947,58.98,49,1,6.58,clear sky
627,Elizabethtown,US,37.694,-85.8591,25.77,89,100,0.0,overcast clouds
628,Mayya,RU,61.7333,130.2811,-33.48,100,100,2.37,overcast clouds
629,Tukrah,LY,32.5341,20.5791,54.77,67,5,10.71,clear sky
630,Juazeiro,BR,-9.4117,-40.4986,84.38,61,40,10.36,scattered clouds
631,Khanpur,PK,28.6453,70.6567,63.75,23,0,7.58,clear sky
632,Jamiltepec,MX,16.2833,-97.8167,79.43,48,0,2.57,clear sky
633,Fort Nelson,CA,58.8053,-122.7002,-11.61,77,100,2.3,snow
634,Sayanogorsk,RU,53.0875,91.3997,2.28,93,15,3.67,few clouds
635,Lagoa,PT,39.05,-27.9833,58.01,80,89,20.22,overcast clouds
636,Harnosand,SE,62.6323,17.9379,35.62,95,100,16.06,overcast clouds
637,Itarema,BR,-2.9248,-39.9167,84.11,66,100,14.27,overcast clouds
638,Contamana,PE,-7.3333,-75.0167,85.69,54,99,3.56,overcast clouds
639,Port Macquarie,AU,-31.4333,152.9167,62.89,69,80,15.3,broken clouds
640,Santo Antonio Do Ica,BR,-3.1022,-67.9397,79.88,89,100,2.3,overcast clouds
641,Lampazos De Naranjo,MX,27.0167,-100.5167,32.9,42,100,15.1,overcast clouds
642,Shahr-E Babak,IR,30.1165,55.1186,54.09,40,0,3.13,clear sky
643,Saint-Pierre,RE,-21.3393,55.4781,82.04,83,75,4.61,broken clouds
644,Bitam,GA,2.076,11.5007,82.87,50,95,3.44,overcast clouds
645,Pontes E Lacerda,BR,-15.2261,-59.3353,83.07,70,93,6.85,overcast clouds
646,Cavalcante,BR,-13.7975,-47.4583,84.43,55,53,2.68,broken clouds
647,Beringovskiy,RU,63.05,179.3167,-8.55,88,100,16.58,overcast clouds
648,Tizapan El Alto,MX,20.1667,-103.0667,63.32,41,4,3.02,clear sky
649,Trairi,BR,-3.2778,-39.2689,82.15,78,100,9.71,overcast clouds
650,Mayor Pablo Lagerenza,PY,-19.9309,-60.7718,96.91,35,49,15.9,scattered clouds
651,Bordighera,IT,43.7806,7.6645,57.15,90,55,1.99,broken clouds
652,La Ronge,CA,55.1001,-105.2842,-34.35,67,40,3.44,scattered clouds
653,Kirando,TZ,-7.4167,30.6,70.7,89,100,13.82,light rain
654,Inhambane,MZ,-23.865,35.3833,86.0,66,20,14.0,few clouds
655,Jutai,BR,-5.1833,-68.9,73.31,99,100,0.89,overcast clouds
656,Rawah,IQ,34.4816,41.9093,54.61,46,71,7.49,broken clouds
657,Shushtar,IR,32.0455,48.8567,63.32,57,78,10.87,broken clouds
658,South Yuba City,US,39.1166,-121.6391,51.64,87,0,0.0,mist
659,Sinnamary,GF,5.3833,-52.95,78.94,86,97,10.74,overcast clouds
660,Qaqortoq,GL,60.7167,-46.0333,6.24,78,100,29.66,overcast clouds
661,Abilene,US,32.4487,-99.7331,23.49,77,30,4.0,scattered clouds
662,Ginda,IN,30.6945,78.4932,37.98,95,96,3.09,overcast clouds
663,Bayir,TR,37.2687,28.2167,45.12,76,40,7.65,scattered clouds
664,Wethersfield,US,41.7143,-72.6526,39.02,97,100,1.99,light rain
665,Babol,IR,36.5513,52.679,53.67,63,5,4.18,clear sky
666,Cabral,DO,18.25,-71.2167,80.46,78,20,6.91,few clouds
667,Campos Belos,BR,-13.0367,-46.7717,85.14,59,74,3.36,broken clouds
668,Mahibadhoo,MV,3.7833,72.9667,81.88,74,45,9.84,scattered clouds
669,Itaueira,BR,-7.6033,-43.0256,94.24,36,100,5.17,overcast clouds
670,Vimperk,CZ,49.0586,13.7829,40.89,92,99,9.28,overcast clouds
671,Bathsheba,BB,13.2167,-59.5167,77.61,83,75,25.32,broken clouds
672,Marathon,US,44.9,-89.7668,7.14,78,100,0.0,overcast clouds
673,Halifax,CA,44.6453,-63.5724,33.8,96,100,4.61,snow
674,Buraydah,SA,26.326,43.975,75.65,31,51,12.55,broken clouds
675,Lucapa,AO,-8.4192,20.7447,67.14,94,100,3.85,overcast clouds
676,Pangkalanbuun,ID,-2.6833,111.6167,74.44,94,69,1.77,broken clouds
677,Forrest City,US,35.0081,-90.7898,26.46,87,98,13.29,overcast clouds
678,Taitung,TW,22.7583,121.1444,62.58,84,89,14.07,overcast clouds
679,Tevaitoa,PF,-16.7833,-151.5,79.84,76,17,14.92,light rain
680,Almenara,BR,-16.1836,-40.6944,87.33,56,96,4.18,overcast clouds
681,Pangody,RU,65.85,74.4859,9.5,97,100,3.04,overcast clouds
682,Slave Lake,CA,55.2834,-114.769,-0.42,78,100,19.57,overcast clouds
683,Atar,MR,20.5169,-13.0499,88.3,7,14,6.78,few clouds
684,Kokopo,PG,-4.352,152.2633,77.04,83,77,9.1,broken clouds
685,Hualmay,PE,-11.0964,-77.6139,74.97,73,37,9.95,scattered clouds
686,Dabola,GN,10.75,-11.1167,94.3,8,1,4.63,clear sky
687,Kawalu,ID,-7.3817,108.2082,73.31,95,93,2.04,overcast clouds
688,Yuanping,CN,38.7153,112.7575,22.95,41,2,10.07,clear sky
689,Tanout,NE,14.9709,8.8879,74.77,9,1,18.07,clear sky
690,Soria,ES,41.6667,-2.6667,54.01,47,100,10.36,overcast clouds
691,Oussouye,SN,12.485,-16.5469,100.58,14,0,4.54,clear sky
692,Siderno,IT,38.2779,16.302,59.4,60,93,4.32,overcast clouds
693,Linhares,BR,-19.3911,-40.0722,83.71,65,100,6.82,overcast clouds
694,Bonthe,SL,7.5264,-12.505,86.14,54,15,13.62,few clouds
695,Calvinia,ZA,-31.4707,19.776,82.15,18,8,12.21,clear sky
696,Ajdabiya,LY,30.7554,20.2263,56.89,60,8,12.19,clear sky
697,West Bay,KY,19.3667,-81.4167,85.06,73,20,1.99,tornado
698,Okhotsk,RU,59.3833,143.3,-0.08,73,35,15.77,scattered clouds
699,Batemans Bay,AU,-35.7167,150.1833,63.1,87,97,6.96,overcast clouds
700,Altus,US,34.6381,-99.334,15.31,69,0,1.99,clear sky
701,Yushu,CN,44.8,126.5333,-3.62,97,22,5.82,few clouds
702,Srandakan,ID,-7.9386,110.2506,77.56,88,92,4.94,light rain
703,Keelung,TW,25.1283,121.7419,56.57,83,100,14.9,overcast clouds
704,Wilmington,US,34.2257,-77.9447,74.98,79,40,20.71,scattered clouds
705,Liverpool,GB,53.4106,-2.9779,45.77,76,75,10.0,broken clouds
